建设单位,项目名称,许可证日期,分类结果,所有制类型,营销优先级,判断依据,置信度,是否可营销,是否需要人工核验,排除原因,官方来源链接
平谦现代产业园（南通海门）有限公司,平谦现代产业园（南通海门）有限公司-开闭所02,2026-07-20,待核验,unknown,待核验,现有许可证仅披露单位名称，没有可靠登记类型或控股信息,0,否,是,,http://zrzy.jiangsu.gov.cn/nthm/gtzx/ghgs/jsxmphgb/202607/t20260721_2054430.htm
武泽精淮营养科技（江苏）有限公司,冬泽特医食品生产基地新建项目,2026-07-17,待核验,unknown,待核验,现有许可证仅披露单位名称，没有可靠登记类型或控股信息,0,否,是,,http://zrzy.jiangsu.gov.cn/nthm/gtzx/ghgs/jsxmphgb/202607/t20260717_2052459.htm
未披露,立新小区九期,2026-07-15,待核验,unknown,待核验,建设单位缺失，无法判断所有制,0,否,是,,http://zrzy.jiangsu.gov.cn/nthm/gtzx/ghgs/jsxmphgb/202607/t20260715_2050722.htm
南通市海门正丰建设投资有限公司,支三路工程,2026-07-08,国有商业企业,state_owned_commercial,B,海门地方建设投资平台名称特征明确,85,是,否,,http://zrzy.jiangsu.gov.cn/nthm/gtzx/ghgs/jsxmphgb/202607/t20260709_2045539.htm
南通市海门正丰建设投资有限公司,骏园南侧规划支路,2026-07-08,国有商业企业,state_owned_commercial,B,海门地方建设投资平台名称特征明确,85,是,否,,http://zrzy.jiangsu.gov.cn/nthm/gtzx/ghgs/jsxmphgb/202607/t20260709_2045536.htm
南通市海门正丰建设投资有限公司,溯源南侧规划支路,2026-07-08,国有商业企业,state_owned_commercial,B,海门地方建设投资平台名称特征明确,85,是,否,,http://zrzy.jiangsu.gov.cn/nthm/gtzx/ghgs/jsxmphgb/202607/t20260709_2045541.htm
海门市华丰真空设备有限公司,年产50000台套真空泵、真空机组及配件项目,2026-07-06,待核验,unknown,待核验,现有许可证仅披露单位名称，没有可靠登记类型或控股信息,0,否,是,,http://zrzy.jiangsu.gov.cn/nthm/gtzx/ghgs/jsxmphgb/202607/t20260707_2043828.htm
南通艾郎风电科技发展有限公司,艾郎风电三期年产1000套10兆瓦级以上大型风电叶片项目,2026-07-02,待核验,unknown,待核验,现有许可证仅披露单位名称，没有可靠登记类型或控股信息,0,否,是,,http://zrzy.jiangsu.gov.cn/nthm/gtzx/ghgs/jsxmphgb/202607/t20260703_2040435.htm
中天钢铁集团（南通）有限公司,中天钢铁集团（南通）有限公司海关监管区项目—外贸库、备品间,2026-07-01,待核验,unknown,待核验,现有许可证仅披露单位名称，没有可靠登记类型或控股信息,0,否,是,,http://zrzy.jiangsu.gov.cn/nthm/gtzx/ghgs/jsxmphgb/202607/t20260702_2039580.htm
江苏祥耀新材料有限公司,江苏祥耀新材料有限公司年产高性能纤维丝1万吨、1.5万吨高性能纤维面料研发及制造项目,2026-06-23,待核验,unknown,待核验,现有许可证仅披露单位名称，没有可靠登记类型或控股信息,0,否,是,,http://zrzy.jiangsu.gov.cn/nthm/gtzx/ghgs/jsxmphgb/202606/t20260629_2036162.htm
南亚新材料科技（江苏）有限公司,南亚新材料科技（江苏）有限公司基于AI算力的高阶高频高速覆铜板研发及产业化项目,2026-06-15,待核验,unknown,待核验,现有许可证仅披露单位名称，没有可靠登记类型或控股信息,0,否,是,,http://zrzy.jiangsu.gov.cn/nthm/gtzx/ghgs/jsxmphgb/202606/t20260616_2028220.htm
未披露,江苏沿海输气管道如东-常熟-太仓段海门分输清管项目,2026-06-11,待核验,unknown,待核验,建设单位缺失，无法判断所有制,0,否,是,,http://zrzy.jiangsu.gov.cn/nthm/gtzx/ghgs/jsxmphgb/202606/t20260611_2025212.htm
江苏芯晶鼎科技有限公司,江苏芯晶鼎科技有限公司年产5000万米覆铜板专用电子级玻璃纤维布开发、生产项目,2026-06-04,待核验,unknown,待核验,现有许可证仅披露单位名称，没有可靠登记类型或控股信息,0,否,是,,http://zrzy.jiangsu.gov.cn/nthm/gtzx/ghgs/jsxmphgb/202606/t20260610_2024070.htm
未披露,拓新辉年产30万套家用纺织品新建项目,2026-06-09,待核验,unknown,待核验,建设单位缺失，无法判断所有制,0,否,是,,http://zrzy.jiangsu.gov.cn/nthm/gtzx/ghgs/jsxmphgb/202606/t20260609_2023115.htm
欧派智能装备（南通）有限公司,欧派智能装备（南通）有限公司模具智能装备制造项目,2026-06-08,待核验,unknown,待核验,现有许可证仅披露单位名称，没有可靠登记类型或控股信息,0,否,是,,http://zrzy.jiangsu.gov.cn/nthm/gtzx/ghgs/jsxmphgb/202606/t20260608_2021459.htm
南民国昌路业有限公司,CR23031地块项目(功能区二),2026-06-05,待核验,unknown,待核验,现有许可证仅披露单位名称，没有可靠登记类型或控股信息,0,否,是,,http://zrzy.jiangsu.gov.cn/nthm/gtzx/ghgs/jsxmphgb/202606/t20260605_2020102.htm
未披露,威瑞新能源风电设备零部件项目,2026-06-05,待核验,unknown,待核验,建设单位缺失，无法判断所有制,0,否,是,,http://zrzy.jiangsu.gov.cn/nthm/gtzx/ghgs/jsxmphgb/202606/t20260605_2020364.htm
未披露,工业绿岛表面处理产业园项目（南侧）,2026-06-01,待核验,unknown,待核验,建设单位缺失，无法判断所有制,0,否,是,,http://zrzy.jiangsu.gov.cn/nthm/gtzx/ghgs/jsxmphgb/202606/t20260601_2016509.htm
未披露,金益升轻量化高强度轻铝合金高端金属新材料生产项目,2026-05-28,待核验,unknown,待核验,建设单位缺失，无法判断所有制,0,否,是,,http://zrzy.jiangsu.gov.cn/nthm/gtzx/ghgs/jsxmphgb/202605/t20260528_2013913.htm
通市健销食品有限公司,年产2万吨植物蛋白饮料、果汁及果酱类产品智能生产线新建项目,2026-05-28,待核验,unknown,待核验,现有许可证仅披露单位名称，没有可靠登记类型或控股信息,0,否,是,,http://zrzy.jiangsu.gov.cn/nthm/gtzx/ghgs/jsxmphgb/202605/t20260528_2013754.htm
海门经济技术开发区管理委员会,海门海太长江隧道保通及导改工程项目杭州路,2026-05-15,政府机关,government_agency,排除,建设单位名称明确包含政府机关关键词“管理委员会”,95,否,否,政府机关或财政项目,http://zrzy.jiangsu.gov.cn/nthm/gtzx/ghgs/jsxmphgb/202605/t20260515_2005019.htm
未披露,海门海太长江隧道保通及导改工程项目长安路,2026-05-15,待核验,unknown,待核验,建设单位缺失，无法判断所有制,0,否,是,,http://zrzy.jiangsu.gov.cn/nthm/gtzx/ghgs/jsxmphgb/202605/t20260515_2005020.htm
未披露,海门海太长江隧道保通及导改工程项目厦门路,2026-05-15,待核验,unknown,待核验,建设单位缺失，无法判断所有制,0,否,是,,http://zrzy.jiangsu.gov.cn/nthm/gtzx/ghgs/jsxmphgb/202605/t20260515_2005021.htm
平谦现代产业园（南通海门）有限公司,平谦现代产业园（南通海门）有限公司平谦国际（海门）现代产业园二期项目,2026-05-06,待核验,unknown,待核验,现有许可证仅披露单位名称，没有可靠登记类型或控股信息,0,否,是,,http://zrzy.jiangsu.gov.cn/nthm/gtzx/ghgs/jsxmphgb/202605/t20260506_1995029.htm
南通恒金复合材科有限公司,年产25万吨新能源汽车用高端铝合金板带箔智能化建设项目,2026-04-29,待核验,unknown,待核验,现有许可证仅披露单位名称，没有可靠登记类型或控股信息,0,否,是,,http://zrzy.jiangsu.gov.cn/nthm/gtzx/ghgs/jsxmphgb/202604/t20260430_1994015.htm
凤鸣水郡文旅发展（南通）有限公司,凤佲水郡旅游度假中心项目,2026-04-23,待核验,unknown,待核验,现有许可证仅披露单位名称，没有可靠登记类型或控股信息,0,否,是,,http://zrzy.jiangsu.gov.cn/nthm/gtzx/ghgs/jsxmphgb/202604/t20260427_1990671.htm
未披露,CR24013项目,2026-04-14,待核验,unknown,待核验,建设单位缺失，无法判断所有制,0,否,是,,http://zrzy.jiangsu.gov.cn/nthm/gtzx/ghgs/jsxmphgb/202604/t20260414_1978910.htm
南通森通新材料有限公司,南通森通新材料有限公司年产3万吨电子元件专用薄膜材料新建项目,2026-04-09,待核验,unknown,待核验,现有许可证仅披露单位名称，没有可靠登记类型或控股信息,0,否,是,,http://zrzy.jiangsu.gov.cn/nthm/gtzx/ghgs/jsxmphgb/202604/t20260409_1975922.htm
江苏裕森福弹性元件有限公司,江苏裕森福弹性元件有限公司年产5万吨柔性材料及弹性元件研发、制造项目,2026-04-09,待核验,unknown,待核验,现有许可证仅披露单位名称，没有可靠登记类型或控股信息,0,否,是,,http://zrzy.jiangsu.gov.cn/nthm/gtzx/ghgs/jsxmphgb/202604/t20260409_1975919.htm
未披露,京海集团总部改扩建项目,2026-04-01,待核验,unknown,待核验,建设单位缺失，无法判断所有制,0,否,是,,http://zrzy.jiangsu.gov.cn/nthm/gtzx/ghgs/jsxmphgb/202604/t20260407_1973444.htm
南通市海门正丰建设投资有限公司,新园路工程,2026-03-30,国有商业企业,state_owned_commercial,B,海门地方建设投资平台名称特征明确,85,是,否,,http://zrzy.jiangsu.gov.cn/nthm/gtzx/ghgs/jsxmphgb/202604/t20260402_1971227.htm
南通通港置业有限公司,海门港新区C21014地块,2022-01-24,待核验,unknown,待核验,现有许可证仅披露单位名称，没有可靠登记类型或控股信息,0,否,是,,http://zrzy.jiangsu.gov.cn/nthm/gtzx/ghgs/jsxmphgb/202604/t20260402_1971231.htm
未披露,艾郎风电二期新建仓库工程,2026-03-31,待核验,unknown,待核验,建设单位缺失，无法判断所有制,0,否,是,,http://zrzy.jiangsu.gov.cn/nthm/gtzx/ghgs/jsxmphgb/202604/t20260402_1971051.htm
江苏中兴精密机械有限公司,江苏中兴精密机械有限公司年产6000吨超高压开关设备组件技改项目,2026-03-30,待核验,unknown,待核验,现有许可证仅披露单位名称，没有可靠登记类型或控股信息,0,否,是,,http://zrzy.jiangsu.gov.cn/nthm/gtzx/ghgs/jsxmphgb/202603/t20260331_1969067.htm
未披露,江苏沿海管道如东-常熟-太仓输气管线工程项目,2026-03-26,待核验,unknown,待核验,建设单位缺失，无法判断所有制,0,否,是,,http://zrzy.jiangsu.gov.cn/nthm/gtzx/ghgs/jsxmphgb/202603/t20260326_1965674.htm
未披露,南通市海门区15万千瓦30万千瓦时电网侧储能电站项目,2026-03-26,待核验,unknown,待核验,建设单位缺失，无法判断所有制,0,否,是,,http://zrzy.jiangsu.gov.cn/nthm/gtzx/ghgs/jsxmphgb/202603/t20260326_1965676.htm
美特奥智能科技（江苏）有限公司,美特奥智能科技（江苏）有限公司年产10万台智能精密检测设备、自动装配设备及医疗实验设备新建项目（变更）,2026-03-18,待核验,unknown,待核验,现有许可证仅披露单位名称，没有可靠登记类型或控股信息,0,否,是,,http://zrzy.jiangsu.gov.cn/nthm/gtzx/ghgs/jsxmphgb/202603/t20260318_1959749.htm
未披露,空港邻里中心及智慧物流项目,2026-03-16,待核验,unknown,待核验,建设单位缺失，无法判断所有制,0,否,是,,http://zrzy.jiangsu.gov.cn/nthm/gtzx/ghgs/jsxmphgb/202603/t20260316_1957173.htm
南通市大岛石油机械有限公司,南通市大岛石油机械有限公司大岛年产80万套床上用品建设项目,2026-03-16,待核验,unknown,待核验,现有许可证仅披露单位名称，没有可靠登记类型或控股信息,0,否,是,,http://zrzy.jiangsu.gov.cn/nthm/gtzx/ghgs/jsxmphgb/202603/t20260316_1957171.htm
江苏大岛机械集团有限公司,江苏大岛机械集团有限公司大岛年产600台高速电脑绗绣机建设项目,2026-03-16,待核验,unknown,待核验,现有许可证仅披露单位名称，没有可靠登记类型或控股信息,0,否,是,,http://zrzy.jiangsu.gov.cn/nthm/gtzx/ghgs/jsxmphgb/202603/t20260316_1957172.htm
南通市恒威过滤设备有限公司,南通市恒威过滤设备有限公司高端精密过滤设备,2026-03-05,待核验,unknown,待核验,现有许可证仅披露单位名称，没有可靠登记类型或控股信息,0,否,是,,http://zrzy.jiangsu.gov.cn/nthm/gtzx/ghgs/jsxmphgb/202603/t20260305_1949887.htm
未披露,年产5000吨电子产品、光学、医疗领域专用PET磨砂膜项目,2026-03-05,待核验,unknown,待核验,建设单位缺失，无法判断所有制,0,否,是,,http://zrzy.jiangsu.gov.cn/nthm/gtzx/ghgs/jsxmphgb/202603/t20260305_1949884.htm
南亚新材料科技（江苏）有限公司,南亚新材料科技（江苏）有限公司年产360万平方米IC载板材料智能工厂建设项目（变更）,2026-03-04,待核验,unknown,待核验,现有许可证仅披露单位名称，没有可靠登记类型或控股信息,0,否,是,,http://zrzy.jiangsu.gov.cn/nthm/gtzx/ghgs/jsxmphgb/202603/t20260304_1949044.htm
南亚新材料科技（江苏）有限公司,南亚新材料科技（江苏）有限公司面向超高速光模块的高频高速互连电路用高端覆铜板研发及产业化项目,2026-02-28,待核验,unknown,待核验,现有许可证仅披露单位名称，没有可靠登记类型或控股信息,0,否,是,,http://zrzy.jiangsu.gov.cn/nthm/gtzx/ghgs/jsxmphgb/202603/t20260304_1949029.htm
南通市中荣液化石油气有限公司,液化石油气储配站安全提档升级技改项目,2026-02-27,待核验,unknown,待核验,现有许可证仅披露单位名称，没有可靠登记类型或控股信息,0,否,是,,http://zrzy.jiangsu.gov.cn/nthm/gtzx/ghgs/jsxmphgb/202603/t20260303_1948343.htm
南通亿丽开发管理有限公司,南通非遗旅游度假中心项目,2026-01-29,待核验,unknown,待核验,现有许可证仅披露单位名称，没有可靠登记类型或控股信息,0,否,是,,http://zrzy.jiangsu.gov.cn/nthm/gtzx/ghgs/jsxmphgb/202603/t20260302_1947488.htm
中天钢铁集团（南通）有限公司,中天钢铁集团（南通）有限公司电炉短流程精品绿钢项目,2026-03-02,待核验,unknown,待核验,现有许可证仅披露单位名称，没有可靠登记类型或控股信息,0,否,是,,http://zrzy.jiangsu.gov.cn/nthm/gtzx/ghgs/jsxmphgb/202603/t20260302_1947487.htm
招商局重工（江苏）有限公司,招商局重工（江苏）有限公司邮轮制造配套项目,2026-02-05,国有商业企业,state_owned_commercial,B,建设单位名称明确包含国有商业主体关键词“招商局”,85,是,否,,http://zrzy.jiangsu.gov.cn/nthm/gtzx/ghgs/jsxmphgb/202602/t20260209_1937278.htm
未披露,年产30万套船用特种新材料项目,2026-02-03,待核验,unknown,待核验,建设单位缺失，无法判断所有制,0,否,是,,http://zrzy.jiangsu.gov.cn/nthm/gtzx/ghgs/jsxmphgb/202602/t20260205_1935497.htm
南通市晟泰恒能源科技有限公司,南通市晟泰恒能源科技有限公司燃气配套设施生产及储配项目,2026-01-28,待核验,unknown,待核验,现有许可证仅披露单位名称，没有可靠登记类型或控股信息,0,否,是,,http://zrzy.jiangsu.gov.cn/nthm/gtzx/ghgs/jsxmphgb/202601/t20260128_1930569.htm
未披露,数字化智能工厂扩建项目,2026-01-26,待核验,unknown,待核验,建设单位缺失，无法判断所有制,0,否,是,,http://zrzy.jiangsu.gov.cn/nthm/gtzx/ghgs/jsxmphgb/202601/t20260128_1930029.htm
南方慶饰（南通）纺织科技有限公司,南方寝饰喜庆家纺系列高端产品生产项目,2026-01-26,待核验,unknown,待核验,现有许可证仅披露单位名称，没有可靠登记类型或控股信息,0,否,是,,http://zrzy.jiangsu.gov.cn/nthm/gtzx/ghgs/jsxmphgb/202601/t20260128_1930027.htm
华汇（江苏）资源德环利用有限公司,工业绿岛表面处理产业园项目（北）,2026-01-07,待核验,unknown,待核验,现有许可证仅披露单位名称，没有可靠登记类型或控股信息,0,否,是,,http://zrzy.jiangsu.gov.cn/nthm/gtzx/ghgs/jsxmphgb/202601/t20260107_1917621.htm
柏飞特科技（南通）有限公司,柏飞特科技（南通）有限公司智能设备、码垛机器人设备、环保型塑料包装新材料制造项目,2025-12-30,待核验,unknown,待核验,现有许可证仅披露单位名称，没有可靠登记类型或控股信息,0,否,是,,http://zrzy.jiangsu.gov.cn/nthm/gtzx/ghgs/jsxmphgb/202512/t20251230_1912998.htm
江苏德硅凯氟光电科技有限公司,江苏德硅凯氟光电科技有限公司年产150吨深紫外氟化物光学晶体及光学元器件制造项目,2025-12-29,待核验,unknown,待核验,现有许可证仅披露单位名称，没有可靠登记类型或控股信息,0,否,是,,http://zrzy.jiangsu.gov.cn/nthm/gtzx/ghgs/jsxmphgb/202512/t20251231_1913780.htm
江苏雄风科技有限公司,江苏雄风科技有限公司年产2000万套铜基含油轴承组件生产项目,2025-12-26,待核验,unknown,待核验,现有许可证仅披露单位名称，没有可靠登记类型或控股信息,0,否,是,,http://zrzy.jiangsu.gov.cn/nthm/gtzx/ghgs/jsxmphgb/202512/t20251226_1911579.htm
南通润融精密机电有限公司,南通润融精密机电有限公司年产700万件精密汽车零部件新建项目,2025-12-10,待核验,unknown,待核验,现有许可证仅披露单位名称，没有可靠登记类型或控股信息,0,否,是,,http://zrzy.jiangsu.gov.cn/nthm/gtzx/ghgs/jsxmphgb/202512/t20251226_1910587.htm
南通海川水务有限公司,南通海川水务有限公司三期工程,2025-12-24,待核验,unknown,待核验,现有许可证仅披露单位名称，没有可靠登记类型或控股信息,0,否,是,,http://zrzy.jiangsu.gov.cn/nthm/gtzx/ghgs/jsxmphgb/202512/t20251224_1909207.htm
南通佳之味食品有限公司,南通佳之味食品有限公司年产六万吨蛋白饮料（燕麦奶）、三万吨调制奶、三万吨植脂奶油和冰淇淋浆智能生产线新建项目（变更）,2020-06-16,待核验,unknown,待核验,现有许可证仅披露单位名称，没有可靠登记类型或控股信息,0,否,是,,http://zrzy.jiangsu.gov.cn/nthm/gtzx/ghgs/jsxmphgb/202512/t20251211_1901339.htm
南通嘉富泰电气科技有限公司,南通嘉富泰电气科技有限公司特高压电气设备生产项目,2025-12-09,待核验,unknown,待核验,现有许可证仅披露单位名称，没有可靠登记类型或控股信息,0,否,是,,http://zrzy.jiangsu.gov.cn/nthm/gtzx/ghgs/jsxmphgb/202512/t20251209_1899383.htm
江苏云谷产业园开发有限公司,九匡河人家建设工程规划许可证（变更）批后公布,2022-05-10,待核验,unknown,待核验,现有许可证仅披露单位名称，没有可靠登记类型或控股信息,0,否,是,,http://zrzy.jiangsu.gov.cn/nthm/gtzx/ghgs/jsxmphgb/202512/t20251208_1898753.htm
中天钢铁集团（南通）有限公司,中天钢铁集团（南通）有限公司电炉短流程精品绿钢项目-水处理系统,2025-12-02,待核验,unknown,待核验,现有许可证仅披露单位名称，没有可靠登记类型或控股信息,0,否,是,,http://zrzy.jiangsu.gov.cn/nthm/gtzx/ghgs/jsxmphgb/202512/t20251208_1898215.htm
泉养堂生物医药有限公司,泉养堂生物医药有限公司年产5110.2吨生物核心原料及制剂的技改项目,2025-11-28,待核验,unknown,待核验,现有许可证仅披露单位名称，没有可靠登记类型或控股信息,0,否,是,,http://zrzy.jiangsu.gov.cn/nthm/gtzx/ghgs/jsxmphgb/202511/t20251128_1893506.htm
南通鸿途城市更新有限公司,南通市海门区E4地块城市更新项目二、三期建设工程规划许可证（变更）批后公布,2023-06-13,待核验,unknown,待核验,现有许可证仅披露单位名称，没有可靠登记类型或控股信息,0,否,是,,http://zrzy.jiangsu.gov.cn/nthm/gtzx/ghgs/jsxmphgb/202511/t20251127_1892216.htm
未披露,悦来镇老常久东路北、纵三支路西侧（HM-CR25005）地块项目,2025-11-25,待核验,unknown,待核验,建设单位缺失，无法判断所有制,0,否,是,,http://zrzy.jiangsu.gov.cn/nthm/gtzx/ghgs/jsxmphgb/202511/t20251125_1890588.htm
江苏润晟房地产开发有限公司,C24034地块项目,2025-11-05,待核验,unknown,待核验,现有许可证仅披露单位名称，没有可靠登记类型或控股信息,0,否,是,,http://zrzy.jiangsu.gov.cn/nthm/gtzx/ghgs/jsxmphgb/202511/t20251105_1877603.htm
南道辉彩置业有限公司,R22005地块项目,2025-10-29,待核验,unknown,待核验,现有许可证仅披露单位名称，没有可靠登记类型或控股信息,0,否,是,,http://zrzy.jiangsu.gov.cn/nthm/gtzx/ghgs/jsxmphgb/202510/t20251029_1872666.htm
南通纺盛置业有限公司,海门区三星镇绣女路东、规划横十二路南侧CR24043项目,2025-10-23,待核验,unknown,待核验,现有许可证仅披露单位名称，没有可靠登记类型或控股信息,0,否,是,,http://zrzy.jiangsu.gov.cn/nthm/gtzx/ghgs/jsxmphgb/202510/t20251027_1870670.htm
南通享瑞合纺织品有限公司,享瑞合新材料纤维（碳纤维、海藻纤维）纺织品研发生产项目,2025-10-24,待核验,unknown,待核验,现有许可证仅披露单位名称，没有可靠登记类型或控股信息,0,否,是,,http://zrzy.jiangsu.gov.cn/nthm/gtzx/ghgs/jsxmphgb/202510/t20251027_1870666.htm
南通鸿途城市更新有限公司,南通鸿途城市更新有限公司南通市海门区E4地块城市更新项目一、二、三期建设工程规划许可证（变更）批后公布,2022-12-02,待核验,unknown,待核验,现有许可证仅披露单位名称，没有可靠登记类型或控股信息,0,否,是,,http://zrzy.jiangsu.gov.cn/nthm/gtzx/ghgs/jsxmphgb/202510/t20251022_1868111.htm
未披露,叠石桥国际纺织时尚广场项目-1.1期、1.2期、二期建设工程规划许可证（变更）批后公布,2025-10-11,待核验,unknown,待核验,建设单位缺失，无法判断所有制,0,否,是,,http://zrzy.jiangsu.gov.cn/nthm/gtzx/ghgs/jsxmphgb/202510/t20251011_1861174.htm
未披露,南通市海门区张謇大道西、太仓路南CR23019项目,2025-09-28,待核验,unknown,待核验,建设单位缺失，无法判断所有制,0,否,是,,http://zrzy.jiangsu.gov.cn/nthm/gtzx/ghgs/jsxmphgb/202509/t20250928_1856347.htm
南通见真精密机械制造有限公司,南通见真精密机械制造有限公司重大装备(半导体)核心零部件制造项目,2025-09-28,待核验,unknown,待核验,现有许可证仅披露单位名称，没有可靠登记类型或控股信息,0,否,是,,http://zrzy.jiangsu.gov.cn/nthm/gtzx/ghgs/jsxmphgb/202509/t20250928_1856193.htm
江苏立成涂装科技有限公司,江苏立成涂装科技有限公司高端涂装装备新建项目建设工程规划许可证（变更）批后公布,2025-04-18,待核验,unknown,待核验,现有许可证仅披露单位名称，没有可靠登记类型或控股信息,0,否,是,,http://zrzy.jiangsu.gov.cn/nthm/gtzx/ghgs/jsxmphgb/202509/t20250924_1853817.htm
南通市协通精密机械制造有限公司,南通市协通精密机械制造有限公司年产3000万套矿山机械配件,2025-09-18,待核验,unknown,待核验,现有许可证仅披露单位名称，没有可靠登记类型或控股信息,0,否,是,,http://zrzy.jiangsu.gov.cn/nthm/gtzx/ghgs/jsxmphgb/202509/t20250918_1849556.htm
江苏晨牌邦德药业有限公司,江苏晨牌邦德药业有限公司年产5亿瓶健眼滴液、5亿瓶养肺止咳口服制剂新建项目,2025-09-05,待核验,unknown,待核验,现有许可证仅披露单位名称，没有可靠登记类型或控股信息,0,否,是,,http://zrzy.jiangsu.gov.cn/nthm/gtzx/ghgs/jsxmphgb/202509/t20250905_1841189.htm
江苏省南通市海门区三星镇太阳村村民委员会,海门区三星镇太阳村党群服务中心,2025-07-31,政府机关,government_agency,排除,建设单位名称明确包含政府机关关键词“村民委员会”,95,否,否,政府机关或财政项目,http://zrzy.jiangsu.gov.cn/nthm/gtzx/ghgs/jsxmphgb/202509/t20250904_1840382.htm
未披露,CR23031地块项目(功能区一),2025-09-02,待核验,unknown,待核验,建设单位缺失，无法判断所有制,0,否,是,,http://zrzy.jiangsu.gov.cn/nthm/gtzx/ghgs/jsxmphgb/202509/t20250903_1839590.htm
未披露,病死畜禽无害化处理中心配套用房项目,2025-08-04,待核验,unknown,待核验,建设单位缺失，无法判断所有制,0,否,是,,http://zrzy.jiangsu.gov.cn/nthm/gtzx/ghgs/jsxmphgb/202509/t20250903_1839591.htm
嘉吉粮油（南通）有限公司,嘉吉粮油（南通）有限公司迁建项目,2025-08-14,待核验,unknown,待核验,现有许可证仅披露单位名称，没有可靠登记类型或控股信息,0,否,是,,http://zrzy.jiangsu.gov.cn/nthm/gtzx/ghgs/jsxmphgb/202508/t20250828_1836847.htm
江苏省沿海验气管道有限公司,江苏沿海输气管道启东-海门支线段工程2#阀室,2025-08-18,待核验,unknown,待核验,现有许可证仅披露单位名称，没有可靠登记类型或控股信息,0,否,是,,http://zrzy.jiangsu.gov.cn/nthm/gtzx/ghgs/jsxmphgb/202508/t20250820_1831699.htm
江苏省沿海输气管道有限公司,江苏沿海管道如东-常熟-太仓段输气管线工程3#阀室,2025-08-12,待核验,unknown,待核验,现有许可证仅披露单位名称，没有可靠登记类型或控股信息,0,否,是,,http://zrzy.jiangsu.gov.cn/nthm/gtzx/ghgs/jsxmphgb/202508/t20250818_1829851.htm
江苏省沿海输气管道有限公司,江苏沿海管道如东-常熟-太仓段输气管线工程4#阀室,2025-08-12,待核验,unknown,待核验,现有许可证仅披露单位名称，没有可靠登记类型或控股信息,0,否,是,,http://zrzy.jiangsu.gov.cn/nthm/gtzx/ghgs/jsxmphgb/202508/t20250818_1829852.htm
江苏省沿海输气管道有限公司,江苏沿海管道如东-常熟-太仓段输气管线工程5#阀室,2025-08-12,待核验,unknown,待核验,现有许可证仅披露单位名称，没有可靠登记类型或控股信息,0,否,是,,http://zrzy.jiangsu.gov.cn/nthm/gtzx/ghgs/jsxmphgb/202508/t20250818_1829853.htm
江苏省沿海输气管道有限公司,江苏沿海管道如东-常熟-太仓段输气管线工程6#阀室,2025-08-12,待核验,unknown,待核验,现有许可证仅披露单位名称，没有可靠登记类型或控股信息,0,否,是,,http://zrzy.jiangsu.gov.cn/nthm/gtzx/ghgs/jsxmphgb/202508/t20250818_1829854.htm
江苏省沿海输气管道有限公司,江苏沿海管道如东-常熟-太仓段输气管线工程7#阀室,2025-08-12,待核验,unknown,待核验,现有许可证仅披露单位名称，没有可靠登记类型或控股信息,0,否,是,,http://zrzy.jiangsu.gov.cn/nthm/gtzx/ghgs/jsxmphgb/202508/t20250818_1829855.htm
江苏省沿海输气管道有限公司,江苏沿海管道如东-常熟-太仓段输气管线工程8#阀室,2025-08-12,待核验,unknown,待核验,现有许可证仅披露单位名称，没有可靠登记类型或控股信息,0,否,是,,http://zrzy.jiangsu.gov.cn/nthm/gtzx/ghgs/jsxmphgb/202508/t20250818_1829856.htm
江苏省沿海输气管道有限公司,江苏沿海管道如东-常熟-太仓段输气管线工程9#阀室,2025-08-12,待核验,unknown,待核验,现有许可证仅披露单位名称，没有可靠登记类型或控股信息,0,否,是,,http://zrzy.jiangsu.gov.cn/nthm/gtzx/ghgs/jsxmphgb/202508/t20250818_1829857.htm
南通市海广区三星镇人民政府,海门区叠石桥学校小学部项目建设工程规划许可证（变更）批后公布,2025-08-08,政府机关,government_agency,排除,建设单位名称明确包含政府机关关键词“人民政府”,95,否,否,政府机关或财政项目,http://zrzy.jiangsu.gov.cn/nthm/gtzx/ghgs/jsxmphgb/202508/t20250813_1827654.htm
江苏恩为众心生物医药有限公司,江苏恩为众心生物医药有限公司年产50亿支塑料药包材技术改造项目,2025-08-01,待核验,unknown,待核验,现有许可证仅披露单位名称，没有可靠登记类型或控股信息,0,否,是,,http://zrzy.jiangsu.gov.cn/nthm/gtzx/ghgs/jsxmphgb/202508/t20250807_1823943.htm
江苏振江海风新能源有限公司,江苏振江海风新能源有限公司大兆瓦级海上风力发电机核心部件产业化项目（西地块）,2025-08-07,待核验,unknown,待核验,现有许可证仅披露单位名称，没有可靠登记类型或控股信息,0,否,是,,http://zrzy.jiangsu.gov.cn/nthm/gtzx/ghgs/jsxmphgb/202508/t20250819_1830253.htm
中天钢铁集团（南通）有限公司,中天钢铁集团（南通）有限公司高炉鼓风脱湿技改项目建设工程规划许可证（变更）批后公布,2025-05-13,待核验,unknown,待核验,现有许可证仅披露单位名称，没有可靠登记类型或控股信息,0,否,是,,http://zrzy.jiangsu.gov.cn/nthm/gtzx/ghgs/jsxmphgb/202507/t20250728_1817401.htm
未披露,年产20万吨风电核心零部件绿色智能铸造项目（降压站）,2025-07-11,待核验,unknown,待核验,建设单位缺失，无法判断所有制,0,否,是,,http://zrzy.jiangsu.gov.cn/nthm/gtzx/ghgs/jsxmphgb/202507/t20250711_1807927.htm
南通海门云谷大数据有限公司,南通海门云谷大数据有限公司博浩海门算力中心,2025-07-02,待核验,unknown,待核验,现有许可证仅披露单位名称，没有可靠登记类型或控股信息,0,否,是,,http://zrzy.jiangsu.gov.cn/nthm/gtzx/ghgs/jsxmphgb/202507/t20250710_1807137.htm
南通科美自动化科技有限公司,南通科美自动化科技有限公司年产2500台机械手臂、200套智能机器人、400套AI视觉系统新建项目,2025-06-30,待核验,unknown,待核验,现有许可证仅披露单位名称，没有可靠登记类型或控股信息,0,否,是,,http://zrzy.jiangsu.gov.cn/nthm/gtzx/ghgs/jsxmphgb/202506/t20250630_1800177.htm
南通市金易焊接材料有限公司,南通市金易焊接材料有限公司年产1万吨微碳铬铁粉改建项目,2025-06-25,待核验,unknown,待核验,现有许可证仅披露单位名称，没有可靠登记类型或控股信息,0,否,是,,http://zrzy.jiangsu.gov.cn/nthm/gtzx/ghgs/jsxmphgb/202507/t20250703_1803297.htm
未披露,机器人自动清洗设备项目,2025-06-20,待核验,unknown,待核验,建设单位缺失，无法判断所有制,0,否,是,,http://zrzy.jiangsu.gov.cn/nthm/gtzx/ghgs/jsxmphgb/202507/t20250707_1804388.htm
江苏金士领精密科技有限公司,江苏金士领精密科技有限公司年产3000台智能超纯水加热模组及1000吨高分子新材料新建项目,2025-06-18,待核验,unknown,待核验,现有许可证仅披露单位名称，没有可靠登记类型或控股信息,0,否,是,,http://zrzy.jiangsu.gov.cn/nthm/gtzx/ghgs/jsxmphgb/202506/t20250619_1793825.htm
南通中远海运重工装备有限公司,南通中远海运重工装备有限公司南通重工装备船舶海工供应链能力提升项目（变更）,2024-11-05,国有商业企业,state_owned_commercial,B,建设单位名称明确包含国有商业主体关键词“中远海运”,85,是,否,,http://zrzy.jiangsu.gov.cn/nthm/gtzx/ghgs/jsxmphgb/202506/t20250603_1784294.htm
南通三鑫电子科技股份有限公司,南通三鑫电子科技股份有限公司车间四、五增建项目,2025-05-30,待核验,unknown,待核验,现有许可证仅披露单位名称，没有可靠登记类型或控股信息,0,否,是,,http://zrzy.jiangsu.gov.cn/nthm/gtzx/ghgs/jsxmphgb/202505/t20250530_1783611.htm
南通市乐洪油品有限公司,南通市乐洪油品有限公司新建加油站项目,2025-05-29,待核验,unknown,待核验,现有许可证仅披露单位名称，没有可靠登记类型或控股信息,0,否,是,,http://zrzy.jiangsu.gov.cn/nthm/gtzx/ghgs/jsxmphgb/202505/t20250529_1782781.htm
未披露,南通市海门证大中学扩建项目,2024-11-26,待核验,unknown,待核验,建设单位缺失，无法判断所有制,0,否,是,,http://zrzy.jiangsu.gov.cn/nthm/gtzx/ghgs/jsxmphgb/202412/t20241213_1693046.htm
海门市东方刺绣有限公司,海门市东方刺绣有限公司年产30万套高端床上用品新建项目,2025-05-20,待核验,unknown,待核验,现有许可证仅披露单位名称，没有可靠登记类型或控股信息,0,否,是,,http://zrzy.jiangsu.gov.cn/nthm/gtzx/ghgs/jsxmphgb/202505/t20250527_1780745.htm
南亚新材料科技（江苏）有限公司,南亚新材料科技（江苏）有限公司年产360万平方米IC载板材料智能工厂建设项目,2025-05-13,待核验,unknown,待核验,现有许可证仅披露单位名称，没有可靠登记类型或控股信息,0,否,是,,http://zrzy.jiangsu.gov.cn/nthm/gtzx/ghgs/jsxmphgb/202505/t20250520_1776929.htm
未披露,年产3000万套高端床上用品新建项目,2025-05-16,待核验,unknown,待核验,建设单位缺失，无法判断所有制,0,否,是,,http://zrzy.jiangsu.gov.cn/nthm/gtzx/ghgs/jsxmphgb/202505/t20250516_1775233.htm
未披露,江苏南通向民110千伏输变电工程,2025-05-15,待核验,unknown,待核验,建设单位缺失，无法判断所有制,0,否,是,,http://zrzy.jiangsu.gov.cn/nthm/gtzx/ghgs/jsxmphgb/202505/t20250515_1773939.htm
中天钢铁集团（南通）有限公司,中天钢铁集团（南通）有限公司高炉鼓风脱湿技改项目,2025-05-14,待核验,unknown,待核验,现有许可证仅披露单位名称，没有可靠登记类型或控股信息,0,否,是,,http://zrzy.jiangsu.gov.cn/nthm/gtzx/ghgs/jsxmphgb/202505/t20250514_1773226.htm
未披露,年产4500套低中高压发电机扩建项目,2025-05-06,待核验,unknown,待核验,建设单位缺失，无法判断所有制,0,否,是,,http://zrzy.jiangsu.gov.cn/nthm/gtzx/ghgs/jsxmphgb/202505/t20250506_1768521.htm
未披露,R24025地块项目,2025-04-30,待核验,unknown,待核验,建设单位缺失，无法判断所有制,0,否,是,,http://zrzy.jiangsu.gov.cn/nthm/gtzx/ghgs/jsxmphgb/202504/t20250430_1767138.htm
未披露,R24026地块项目,2025-04-30,待核验,unknown,待核验,建设单位缺失，无法判断所有制,0,否,是,,http://zrzy.jiangsu.gov.cn/nthm/gtzx/ghgs/jsxmphgb/202504/t20250430_1767165.htm
未披露,海门经开产业园,2025-04-23,待核验,unknown,待核验,建设单位缺失，无法判断所有制,0,否,是,,http://zrzy.jiangsu.gov.cn/nthm/gtzx/ghgs/jsxmphgb/202504/t20250423_1762330.htm
南通胜嵘科技有限公司,南通胜嵘科技有限公司数字化智能工厂项目,2025-04-18,待核验,unknown,待核验,现有许可证仅披露单位名称，没有可靠登记类型或控股信息,0,否,是,,http://zrzy.jiangsu.gov.cn/nthm/gtzx/ghgs/jsxmphgb/202504/t20250428_1765936.htm
招商局邮轮制造有限公司,招商局邮轮制造有限公司平面分段车间项目,2025-03-27,国有商业企业,state_owned_commercial,B,建设单位名称明确包含国有商业主体关键词“招商局”,85,是,否,,http://zrzy.jiangsu.gov.cn/nthm/gtzx/ghgs/jsxmphgb/202504/t20250417_1759336.htm
江苏兴南创芯材料技术有限公司,江苏兴南创芯材料技术有限公司年产60万平方米先进封装基板用高性能积层膜智能工厂建设项目,2025-04-07,待核验,unknown,待核验,现有许可证仅披露单位名称，没有可靠登记类型或控股信息,0,否,是,,http://zrzy.jiangsu.gov.cn/nthm/gtzx/ghgs/jsxmphgb/202504/t20250414_1756711.htm
江苏万高药业股份有限公司,江苏万高药业股份有限公司创新生物医药基地项目,2025-04-03,待核验,unknown,待核验,现有许可证仅披露单位名称，没有可靠登记类型或控股信息,0,否,是,,http://zrzy.jiangsu.gov.cn/nthm/gtzx/ghgs/jsxmphgb/202504/t20250408_1754053.htm
南通沐宇橙纺织品有限公司,南通沐宇橙纺织品有限公司沐宇橙年产50万套床上用品新建项目,2025-03-31,待核验,unknown,待核验,现有许可证仅披露单位名称，没有可靠登记类型或控股信息,0,否,是,,http://zrzy.jiangsu.gov.cn/nthm/gtzx/ghgs/jsxmphgb/202504/t20250402_1750562.htm
江苏万高药业股份有限公司,江苏万高药业股份有限公司创新生物医药基地项目,2025-03-26,待核验,unknown,待核验,现有许可证仅披露单位名称，没有可靠登记类型或控股信息,0,否,是,,http://zrzy.jiangsu.gov.cn/nthm/gtzx/ghgs/jsxmphgb/202504/t20250401_1750367.htm
未披露,聚贤路西延工程,2025-03-31,待核验,unknown,待核验,建设单位缺失，无法判断所有制,0,否,是,,http://zrzy.jiangsu.gov.cn/nthm/gtzx/ghgs/jsxmphgb/202503/t20250331_1749387.htm
南通市海门正丰建设投资有限公司,北京路西延工程（富江路至浒通河）,2025-03-28,国有商业企业,state_owned_commercial,B,海门地方建设投资平台名称特征明确,85,是,否,,http://zrzy.jiangsu.gov.cn/nthm/gtzx/ghgs/jsxmphgb/202503/t20250331_1749226.htm
未披露,年产1000万件冻存管新建项目（变更）,2025-03-28,待核验,unknown,待核验,建设单位缺失，无法判断所有制,0,否,是,,http://zrzy.jiangsu.gov.cn/nthm/gtzx/ghgs/jsxmphgb/202503/t20250328_1748618.htm
未披露,海门区CR24012地块,2025-03-27,待核验,unknown,待核验,建设单位缺失，无法判断所有制,0,否,是,,http://zrzy.jiangsu.gov.cn/nthm/gtzx/ghgs/jsxmphgb/202503/t20250327_1747167.htm
南通市海门正丰建设投资有限公司,汇通路工程,2025-03-25,国有商业企业,state_owned_commercial,B,海门地方建设投资平台名称特征明确,85,是,否,,http://zrzy.jiangsu.gov.cn/nthm/gtzx/ghgs/jsxmphgb/202503/t20250326_1746192.htm
南通通泰智能制造有限公司,压缩机电机核心零部件研发制造项目,2025-03-14,待核验,unknown,待核验,现有许可证仅披露单位名称，没有可靠登记类型或控股信息,0,否,是,,http://zrzy.jiangsu.gov.cn/nthm/gtzx/ghgs/jsxmphgb/202503/t20250320_1743024.htm
未披露,大兆瓦级海上风力发电机核心部件产业化项目（东地块）,2025-03-10,待核验,unknown,待核验,建设单位缺失，无法判断所有制,0,否,是,,http://zrzy.jiangsu.gov.cn/nthm/gtzx/ghgs/jsxmphgb/202503/t20250312_1737214.htm
未披露,南通市海门区粮食安全和应急储备库项目（二期）,2025-03-04,待核验,unknown,待核验,建设单位缺失，无法判断所有制,0,否,是,,http://zrzy.jiangsu.gov.cn/nthm/gtzx/ghgs/jsxmphgb/202503/t20250304_1732069.htm
南通莱迪讯电子科技有限公司,南通莱迪讯电子科技有限公司年产5万公里特种线缆电子加速器辐照加工新建项目,2025-03-03,待核验,unknown,待核验,现有许可证仅披露单位名称，没有可靠登记类型或控股信息,0,否,是,,http://zrzy.jiangsu.gov.cn/nthm/gtzx/ghgs/jsxmphgb/202503/t20250303_1731318.htm
未披露,上海航天精密机械研究所海门基地主大门门卫房建设项目,2025-02-13,待核验,unknown,待核验,建设单位缺失，无法判断所有制,0,否,是,,http://zrzy.jiangsu.gov.cn/nthm/gtzx/ghgs/jsxmphgb/202502/t20250213_1722135.htm
南通市乐轻食品科技有限公司,南通市乐轻食品科技有限公司年产10万吨无菌冷灌饮料项目,2025-02-13,待核验,unknown,待核验,现有许可证仅披露单位名称，没有可靠登记类型或控股信息,0,否,是,,http://zrzy.jiangsu.gov.cn/nthm/gtzx/ghgs/jsxmphgb/202502/t20250213_1721916.htm
南通海门亦诺纺织科技有限公司,南通海门亦诺纺织科技有限公司年产50万套高档床上用品新建项目,2025-01-24,待核验,unknown,待核验,现有许可证仅披露单位名称，没有可靠登记类型或控股信息,0,否,是,,http://zrzy.jiangsu.gov.cn/nthm/gtzx/ghgs/jsxmphgb/202501/t20250124_1715590.htm
江苏祥拓新材料有限公司,江苏祥拓新材料有限公司年产高性能纤维丝2.8万吨、2万吨高性能纤维面料研发及制造项目,2025-01-22,待核验,unknown,待核验,现有许可证仅披露单位名称，没有可靠登记类型或控股信息,0,否,是,,http://zrzy.jiangsu.gov.cn/nthm/gtzx/ghgs/jsxmphgb/202501/t20250124_1715720.htm
未披露,年产3亿套紧固件制造新建项目,2025-01-15,待核验,unknown,待核验,建设单位缺失，无法判断所有制,0,否,是,,http://zrzy.jiangsu.gov.cn/nthm/gtzx/ghgs/jsxmphgb/202501/t20250115_1709982.htm
江苏凡尔胜航天科技有限公司,江苏凡尔胜航天科技有限公司年产20000套智能雷达微系统高硅铝合金精密组件项目,2025-01-10,待核验,unknown,待核验,现有许可证仅披露单位名称，没有可靠登记类型或控股信息,0,否,是,,http://zrzy.jiangsu.gov.cn/nthm/gtzx/ghgs/jsxmphgb/202501/t20250110_1708043.htm
南通海能企业管理有限公司,南通海能企业管理有限公司介和智能智造项目,2025-01-07,待核验,unknown,待核验,现有许可证仅披露单位名称，没有可靠登记类型或控股信息,0,否,是,,http://zrzy.jiangsu.gov.cn/nthm/gtzx/ghgs/jsxmphgb/202501/t20250109_1706920.htm
南通市海门正中建设投资有限公司,珠江路工程,2025-01-03,国有商业企业,state_owned_commercial,B,海门地方建设投资平台名称特征明确,85,是,否,,http://zrzy.jiangsu.gov.cn/nthm/gtzx/ghgs/jsxmphgb/202501/t20250106_1705071.htm
南通星海智能装备有限公司,南通星海智能装备有限公司年产400台高端数控机床和高端齿轮及箱体研发生产基地新建项目（一期）,2024-12-20,待核验,unknown,待核验,现有许可证仅披露单位名称，没有可靠登记类型或控股信息,0,否,是,,http://zrzy.jiangsu.gov.cn/nthm/gtzx/ghgs/jsxmphgb/202412/t20241220_1696878.htm
江苏泰森食品有限公司,江苏泰森食品有限公司食堂扩建项目,2024-12-16,待核验,unknown,待核验,现有许可证仅披露单位名称，没有可靠登记类型或控股信息,0,否,是,,http://zrzy.jiangsu.gov.cn/nthm/gtzx/ghgs/jsxmphgb/202412/t20241216_1693799.htm
江苏立成涂装科技有限公司,江苏立成涂装科技有限公司高端涂装装备新建项目,2024-12-16,待核验,unknown,待核验,现有许可证仅披露单位名称，没有可靠登记类型或控股信息,0,否,是,,http://zrzy.jiangsu.gov.cn/nthm/gtzx/ghgs/jsxmphgb/202412/t20241216_1693666.htm
国家石泊天然气管同集团集团有限公司西气东输分公司,中俄东线天然气管道工程（永清-上海）海门区段长江盾构穿越工程,2024-12-09,待核验,unknown,待核验,现有许可证仅披露单位名称，没有可靠登记类型或控股信息,0,否,是,,http://zrzy.jiangsu.gov.cn/nthm/gtzx/ghgs/jsxmphgb/202412/t20241216_1693411.htm
南通协鑫热电有限公司,南通协鑫热电有限公司热电联产项目（南通海门鑫源热电有限公司热电联产异地搬迁项目）,2024-12-12,待核验,unknown,待核验,现有许可证仅披露单位名称，没有可靠登记类型或控股信息,0,否,是,,http://zrzy.jiangsu.gov.cn/nthm/gtzx/ghgs/jsxmphgb/202412/t20241212_1692206.htm
南通福斯特运动用品有限公司,福斯特年产200万套海洋业纺织用品建设项目,2024-12-02,待核验,unknown,待核验,现有许可证仅披露单位名称，没有可靠登记类型或控股信息,0,否,是,,http://zrzy.jiangsu.gov.cn/nthm/gtzx/ghgs/jsxmphgb/202412/t20241205_1687650.htm
南通海门大岛国际大酒店有限公司,南通海门大岛国际大酒店有限公司年产100万套床上用品建设项目,2024-11-28,待核验,unknown,待核验,现有许可证仅披露单位名称，没有可靠登记类型或控股信息,0,否,是,,http://zrzy.jiangsu.gov.cn/nthm/gtzx/ghgs/jsxmphgb/202412/t20241202_1685116.htm
南通中远海运重工装备有限公司,南通中远海运重工装备有限公司南通重工装备船舶海工供应链能力提升项目,2024-11-29,国有商业企业,state_owned_commercial,B,建设单位名称明确包含国有商业主体关键词“中远海运”,85,是,否,,http://zrzy.jiangsu.gov.cn/nthm/gtzx/ghgs/jsxmphgb/202411/t20241129_1684471.htm
未披露,年产3.5万高端智能控制阀项目,2024-11-25,待核验,unknown,待核验,建设单位缺失，无法判断所有制,0,否,是,,http://zrzy.jiangsu.gov.cn/nthm/gtzx/ghgs/jsxmphgb/202412/t20241217_1694050.htm
南通市海门海赋建设开发有限公司,城北新村东区,2024-11-15,待核验,unknown,待核验,现有许可证仅披露单位名称，没有可靠登记类型或控股信息,0,否,是,,http://zrzy.jiangsu.gov.cn/nthm/gtzx/ghgs/jsxmphgb/202411/t20241121_1680119.htm
未披露,嘉禾苑安置小区二期,2024-11-21,待核验,unknown,待核验,建设单位缺失，无法判断所有制,0,否,是,,http://zrzy.jiangsu.gov.cn/nthm/gtzx/ghgs/jsxmphgb/202411/t20241121_1680184.htm
南通汇鑫房地产开发有限公司,汇泽苑安置小区项目,2024-11-20,待核验,unknown,待核验,现有许可证仅披露单位名称，没有可靠登记类型或控股信息,0,否,是,,http://zrzy.jiangsu.gov.cn/nthm/gtzx/ghgs/jsxmphgb/202411/t20241121_1679729.htm
未披露,惠和年产100万套中高端家纺用品建设项目,2024-11-18,待核验,unknown,待核验,建设单位缺失，无法判断所有制,0,否,是,,http://zrzy.jiangsu.gov.cn/nthm/gtzx/ghgs/jsxmphgb/202411/t20241121_1679732.htm
南通胜嵘科技有限公司,南通胜嵘科技有限公司数字化智能工厂项目,2024-11-15,待核验,unknown,待核验,现有许可证仅披露单位名称，没有可靠登记类型或控股信息,0,否,是,,http://zrzy.jiangsu.gov.cn/nthm/gtzx/ghgs/jsxmphgb/202411/t20241121_1679735.htm
未披露,年产20万吨风电核心零部件绿色智能铸造项目,2024-11-15,待核验,unknown,待核验,建设单位缺失，无法判断所有制,0,否,是,,http://zrzy.jiangsu.gov.cn/nthm/gtzx/ghgs/jsxmphgb/202412/t20241217_1694043.htm
未披露,精盾同创年产600架高端智能无人机及20000枚机载应急救援弹新建项目,2024-11-06,待核验,unknown,待核验,建设单位缺失，无法判断所有制,0,否,是,,http://zrzy.jiangsu.gov.cn/nthm/gtzx/ghgs/jsxmphgb/202411/t20241106_1671676.htm
未披露,三星镇基督教堂易地重建项目,2024-11-04,待核验,unknown,待核验,建设单位缺失，无法判断所有制,0,否,是,,http://zrzy.jiangsu.gov.cn/nthm/gtzx/ghgs/jsxmphgb/202411/t20241121_1679767.htm
南通鑫宏电子科技有限公司,南通鑫宏电子科技有限公司年产50亿件标准件改扩建项目,2024-10-29,待核验,unknown,待核验,现有许可证仅披露单位名称，没有可靠登记类型或控股信息,0,否,是,,http://zrzy.jiangsu.gov.cn/nthm/gtzx/ghgs/jsxmphgb/202410/t20241029_1667065.htm
南通市海门天悦医疗健康管理有限公司,海门北部新城医学综合体（中医院新院）一期项目,2024-10-23,待核验,unknown,待核验,现有许可证仅披露单位名称，没有可靠登记类型或控股信息,0,否,是,,http://zrzy.jiangsu.gov.cn/nthm/gtzx/ghgs/jsxmphgb/202410/t20241025_1665855.htm
南通金三色印染有限公司,南通金三色印染有限公司年产30万套家纺用品，20万套家居服技改项目,2024-10-24,待核验,unknown,待核验,现有许可证仅披露单位名称，没有可靠登记类型或控股信息,0,否,是,,http://zrzy.jiangsu.gov.cn/nthm/gtzx/ghgs/jsxmphgb/202410/t20241024_1664878.htm
江苏天力锌业有限公司,江苏天力锌业有限公司厂房扩建项目（22#）,2024-10-21,待核验,unknown,待核验,现有许可证仅披露单位名称，没有可靠登记类型或控股信息,0,否,是,,http://zrzy.jiangsu.gov.cn/nthm/gtzx/ghgs/jsxmphgb/202411/t20241121_1679776.htm
未披露,海门区秀山路北、瑞江路西侧地块（CR23029),2024-10-15,待核验,unknown,待核验,建设单位缺失，无法判断所有制,0,否,是,,http://zrzy.jiangsu.gov.cn/nthm/gtzx/ghgs/jsxmphgb/202410/t20241015_1659753.htm
南通连胜畅纺织品有限公司,南通连胜畅纺织品有限公司年产30万套床上用品新建项目,2024-10-12,待核验,unknown,待核验,现有许可证仅披露单位名称，没有可靠登记类型或控股信息,0,否,是,,http://zrzy.jiangsu.gov.cn/nthm/gtzx/ghgs/jsxmphgb/202410/t20241012_1657763.htm
未披露,年产150万平方米低辐射汽车镀膜节能玻璃智能化连线项目,2024-09-29,待核验,unknown,待核验,建设单位缺失，无法判断所有制,0,否,是,,http://zrzy.jiangsu.gov.cn/nthm/gtzx/ghgs/jsxmphgb/202409/t20240929_1653947.htm
中天钢铁集团(南通)有限公司,中天钢铁集团(南通)有限公司富氢喷吹项目,2024-09-25,待核验,unknown,待核验,现有许可证仅披露单位名称，没有可靠登记类型或控股信息,0,否,是,,http://zrzy.jiangsu.gov.cn/nthm/gtzx/ghgs/jsxmphgb/202409/t20240926_1652731.htm
南通市德胜链传动有限公司,南通市德胜链传动有限公司城兴加油站改扩建项目,2024-09-26,待核验,unknown,待核验,现有许可证仅披露单位名称，没有可靠登记类型或控股信息,0,否,是,,http://zrzy.jiangsu.gov.cn/nthm/gtzx/ghgs/jsxmphgb/202409/t20240926_1652890.htm
江苏凯帝卧室用品有限公司,江苏凯帝卧室用品有限公司年产80万套床上用品改建项目,2024-09-24,待核验,unknown,待核验,现有许可证仅披露单位名称，没有可靠登记类型或控股信息,0,否,是,,http://zrzy.jiangsu.gov.cn/nthm/gtzx/ghgs/jsxmphgb/202409/t20240925_1652306.htm
未披露,南通市海门区崇秀三期,2024-09-19,待核验,unknown,待核验,建设单位缺失，无法判断所有制,0,否,是,,http://zrzy.jiangsu.gov.cn/nthm/gtzx/ghgs/jsxmphgb/202410/t20241009_1655835.htm
未披露,年产3万公里石墨烯电缆、2万公里特种阻燃电缆、2万公里特种耐高温电缆新建项目（变更）,2024-09-11,待核验,unknown,待核验,建设单位缺失，无法判断所有制,0,否,是,,http://zrzy.jiangsu.gov.cn/nthm/gtzx/ghgs/jsxmphgb/202409/t20240911_1645908.htm
未披露,半导体制造设备生产及系统集成项目,2024-09-09,待核验,unknown,待核验,建设单位缺失，无法判断所有制,0,否,是,,http://zrzy.jiangsu.gov.cn/nthm/gtzx/ghgs/jsxmphgb/202409/t20240913_1647088.htm
南通市海门瑞达丰纺织品有限公司,南通市海门瑞达丰纺织品有限公司年产40万套家纺用品项目,2024-09-03,待核验,unknown,待核验,现有许可证仅披露单位名称，没有可靠登记类型或控股信息,0,否,是,,http://zrzy.jiangsu.gov.cn/nthm/gtzx/ghgs/jsxmphgb/202409/t20240919_1648873.htm
海门市农业机械有限公司,海门市农业机械有限公司智能化农机推广服务中心新建项目,2024-08-28,待核验,unknown,待核验,现有许可证仅披露单位名称，没有可靠登记类型或控股信息,0,否,是,,http://zrzy.jiangsu.gov.cn/nthm/gtzx/ghgs/jsxmphgb/202408/t20240828_1638593.htm
未披露,惠和年产100万套中高端家纺用品建设项目,2024-08-27,待核验,unknown,待核验,建设单位缺失，无法判断所有制,0,否,是,,http://zrzy.jiangsu.gov.cn/nthm/gtzx/ghgs/jsxmphgb/202409/t20240919_1648871.htm
南通天洲精密机械有限公司,南通天洲精密机械有限公司年产80万件中高端自行车零部件项目,2024-08-22,待核验,unknown,待核验,现有许可证仅披露单位名称，没有可靠登记类型或控股信息,0,否,是,,http://zrzy.jiangsu.gov.cn/nthm/gtzx/ghgs/jsxmphgb/202408/t20240826_1636918.htm
未披露,江苏当升锂电正极材料生产基地正极材料废水零排放技改项目,2024-08-22,待核验,unknown,待核验,建设单位缺失，无法判断所有制,0,否,是,,http://zrzy.jiangsu.gov.cn/nthm/gtzx/ghgs/jsxmphgb/202408/t20240826_1637694.htm
未披露,年产1000万件冻存管新建项目,2024-08-19,待核验,unknown,待核验,建设单位缺失，无法判断所有制,0,否,是,,http://zrzy.jiangsu.gov.cn/nthm/gtzx/ghgs/jsxmphgb/202408/t20240819_1633325.htm
南堰鸿途城市更新有限公司,海门区E4地块城市更新项目,2022-12-02,待核验,unknown,待核验,现有许可证仅披露单位名称，没有可靠登记类型或控股信息,0,否,是,,http://zrzy.jiangsu.gov.cn/nthm/gtzx/ghgs/jsxmphgb/202409/t20240909_1644520.htm
未披露,南通市海门区张謇小学项目,2024-08-16,待核验,unknown,待核验,建设单位缺失，无法判断所有制,0,否,是,,http://zrzy.jiangsu.gov.cn/nthm/gtzx/ghgs/jsxmphgb/202408/t20240821_1635217.htm
江苏万高药业股份有限公司,江苏万高药业股份有限公司食堂扩建项目,2024-08-16,待核验,unknown,待核验,现有许可证仅披露单位名称，没有可靠登记类型或控股信息,0,否,是,,http://zrzy.jiangsu.gov.cn/nthm/gtzx/ghgs/jsxmphgb/202408/t20240816_1632838.htm
赐宝新型薄板（江苏）有限公司,赐宝新型薄板（江苏）有限公司高磁感取向电工钢、硅钢片技改项目,2024-08-15,待核验,unknown,待核验,现有许可证仅披露单位名称，没有可靠登记类型或控股信息,0,否,是,,http://zrzy.jiangsu.gov.cn/nthm/gtzx/ghgs/jsxmphgb/202408/t20240815_1632011.htm
江苏宣泰药业有限公司,江苏宣泰药业有限公司生活楼改扩建项目,2024-08-14,待核验,unknown,待核验,现有许可证仅披露单位名称，没有可靠登记类型或控股信息,0,否,是,,http://zrzy.jiangsu.gov.cn/nthm/gtzx/ghgs/jsxmphgb/202408/t20240814_1631447.htm
未披露,南通謇公220KV输变站工程,2024-07-18,待核验,unknown,待核验,建设单位缺失，无法判断所有制,0,否,是,,http://zrzy.jiangsu.gov.cn/nthm/gtzx/ghgs/jsxmphgb/202408/t20240805_1626256.htm
江苏阳意输配电设备有限公司,江苏阳意输配电设备有限公司年产2400台智能电动轮、20万根阀厅棒电阻、100套智能阀厅净水装置等新建项目（变更）,2024-07-16,待核验,unknown,待核验,现有许可证仅披露单位名称，没有可靠登记类型或控股信息,0,否,是,,http://zrzy.jiangsu.gov.cn/nthm/gtzx/ghgs/jsxmphgb/202407/t20240716_1616345.htm
未披露,R23014地块项目,2024-07-11,待核验,unknown,待核验,建设单位缺失，无法判断所有制,0,否,是,,http://zrzy.jiangsu.gov.cn/nthm/gtzx/ghgs/jsxmphgb/202407/t20240717_1616989.htm
江苏华睿置业有限公司,江苏华睿置业有限公司建筑装饰产业园项目,2024-07-11,待核验,unknown,待核验,现有许可证仅披露单位名称，没有可靠登记类型或控股信息,0,否,是,,http://zrzy.jiangsu.gov.cn/nthm/gtzx/ghgs/jsxmphgb/202407/t20240715_1615834.htm
江苏慧达药业有限公司,江苏慧达药业有限公司高端制剂研发、转化及制造一体化平台项目,2024-06-28,待核验,unknown,待核验,现有许可证仅披露单位名称，没有可靠登记类型或控股信息,0,否,是,,http://zrzy.jiangsu.gov.cn/nthm/gtzx/ghgs/jsxmphgb/202406/t20240628_1605952.htm
江苏慧达药业有限公司,江苏慧达药业有限公司高端制剂研发、转化及制造一体化平台项目,2024-06-25,待核验,unknown,待核验,现有许可证仅披露单位名称，没有可靠登记类型或控股信息,0,否,是,,http://zrzy.jiangsu.gov.cn/nthm/gtzx/ghgs/jsxmphgb/202407/t20240717_1616992.htm
江苏梦百合仓储服务有限公司,江苏梦百合仓储服务有限公司年产100万套家纺用品建设项目,2024-05-31,待核验,unknown,待核验,现有许可证仅披露单位名称，没有可靠登记类型或控股信息,0,否,是,,http://zrzy.jiangsu.gov.cn/nthm/gtzx/ghgs/jsxmphgb/202406/t20240605_1593672.htm
江苏叠石桥银云储运管理有限公司,叠石桥智慧云产储一体化项目（桃永河东侧）,2024-05-29,待核验,unknown,待核验,现有许可证仅披露单位名称，没有可靠登记类型或控股信息,0,否,是,,http://zrzy.jiangsu.gov.cn/nthm/gtzx/ghgs/jsxmphgb/202406/t20240603_1592413.htm
未披露,海门区CR22016项目,2024-05-28,待核验,unknown,待核验,建设单位缺失，无法判断所有制,0,否,是,,http://zrzy.jiangsu.gov.cn/nthm/gtzx/ghgs/jsxmphgb/202407/t20240715_1615835.htm
未披露,年产3亿支吸入制剂创新药和高端仿制药项目,2024-05-27,待核验,unknown,待核验,建设单位缺失，无法判断所有制,0,否,是,,http://zrzy.jiangsu.gov.cn/nthm/gtzx/ghgs/jsxmphgb/202405/t20240527_1588516.htm
未披露,增建垃圾回收房,2024-05-24,待核验,unknown,待核验,建设单位缺失，无法判断所有制,0,否,是,,http://zrzy.jiangsu.gov.cn/nthm/gtzx/ghgs/jsxmphgb/202405/t20240524_1587727.htm
未披露,年产2000万套汽车、航空发动机零部件及配件新建项目,2024-05-10,待核验,unknown,待核验,建设单位缺失，无法判断所有制,0,否,是,,http://zrzy.jiangsu.gov.cn/nthm/gtzx/ghgs/jsxmphgb/202405/t20240510_1580541.htm
未披露,南通市海门区富江南苑北区项目,2024-05-09,待核验,unknown,待核验,建设单位缺失，无法判断所有制,0,否,是,,http://zrzy.jiangsu.gov.cn/nthm/gtzx/ghgs/jsxmphgb/202405/t20240509_1579385.htm
未披露,南通市海门区三厂弘謇新村安置房项目,2024-05-07,待核验,unknown,待核验,建设单位缺失，无法判断所有制,0,否,是,,http://zrzy.jiangsu.gov.cn/nthm/gtzx/ghgs/jsxmphgb/202405/t20240507_1578315.htm
未披露,海门长江新村207幢4单元加装电梯工程项目,2024-04-25,待核验,unknown,待核验,建设单位缺失，无法判断所有制,0,否,是,,http://zrzy.jiangsu.gov.cn/nthm/gtzx/ghgs/jsxmphgb/202404/t20240425_1573712.htm
江苏阳意输配电设备有限公司,江苏阳意输配电设备有限公司年产2400台智能电动轮、20万根阀厅棒电阻、100套智能阀厅净水装置等新建项目,2024-04-23,待核验,unknown,待核验,现有许可证仅披露单位名称，没有可靠登记类型或控股信息,0,否,是,,http://zrzy.jiangsu.gov.cn/nthm/gtzx/ghgs/jsxmphgb/202404/t20240423_1571919.htm
未披露,海门世纪光华苑511幢2单元加装电梯,2024-04-19,待核验,unknown,待核验,建设单位缺失，无法判断所有制,0,否,是,,http://zrzy.jiangsu.gov.cn/nthm/gtzx/ghgs/jsxmphgb/202404/t20240428_1574840.htm
江苏万高药业股份有限公司,江苏万高药业股份有限公司”智慧云谷“仓储供应链管理项目,2024-04-19,待核验,unknown,待核验,现有许可证仅披露单位名称，没有可靠登记类型或控股信息,0,否,是,,http://zrzy.jiangsu.gov.cn/nthm/gtzx/ghgs/jsxmphgb/202404/t20240422_1571374.htm
未披露,江苏工程职业技术学院海门校区学生公寓11号楼及附属配电房项目,2024-04-15,待核验,unknown,待核验,建设单位缺失，无法判断所有制,0,否,是,,http://zrzy.jiangsu.gov.cn/nthm/gtzx/ghgs/jsxmphgb/202404/t20240422_1571372.htm
江苏万胜精密制造有限公司,南通市海门区正余镇年产3000万件新能源汽车零部件及光伏储能配件项目（M24001地块）,2024-03-22,待核验,unknown,待核验,现有许可证仅披露单位名称，没有可靠登记类型或控股信息,0,否,是,,http://zrzy.jiangsu.gov.cn/nthm/gtzx/ghgs/jsxmphgb/202403/t20240329_1559976.htm
未披露,海门世纪光华苑503幢2单元加装电梯工程项目,2024-03-26,待核验,unknown,待核验,建设单位缺失，无法判断所有制,0,否,是,,http://zrzy.jiangsu.gov.cn/nthm/gtzx/ghgs/jsxmphgb/202403/t20240327_1557984.htm
未披露,张謇故居复建工程,2024-03-25,待核验,unknown,待核验,建设单位缺失，无法判断所有制,0,否,是,,http://zrzy.jiangsu.gov.cn/nthm/gtzx/ghgs/jsxmphgb/202404/t20240403_1562014.htm
南通晟悦泰建设有限公司,南通市海门区悦来镇CR23022地块项目,2024-03-20,待核验,unknown,待核验,现有许可证仅披露单位名称，没有可靠登记类型或控股信息,0,否,是,,http://zrzy.jiangsu.gov.cn/nthm/gtzx/ghgs/jsxmphgb/202403/t20240322_1555568.htm
南通沧海生物科技有限公司,南通沧海生物科技有限公司年产2.8亿件高端医疗器械新建项目,2024-03-15,待核验,unknown,待核验,现有许可证仅披露单位名称，没有可靠登记类型或控股信息,0,否,是,,http://zrzy.jiangsu.gov.cn/nthm/gtzx/ghgs/jsxmphgb/202403/t20240322_1555470.htm
未披露,纤云生物功能纤维和非织造材料填充智能生产项目,2024-03-12,待核验,unknown,待核验,建设单位缺失，无法判断所有制,0,否,是,,http://zrzy.jiangsu.gov.cn/nthm/gtzx/ghgs/jsxmphgb/202403/t20240321_1555249.htm
南通沧海生物科技有限公司,南通沧海生物科技有限公司年产2.8亿件高端医疗器械新建项目,2024-03-19,待核验,unknown,待核验,现有许可证仅披露单位名称，没有可靠登记类型或控股信息,0,否,是,,http://zrzy.jiangsu.gov.cn/nthm/gtzx/ghgs/jsxmphgb/202403/t20240319_1553687.htm
南通海螺新材料有限责任公司,南通海螺新材料有限责任公司海门海螺新材料项目二,2024-03-01,待核验,unknown,待核验,现有许可证仅披露单位名称，没有可靠登记类型或控股信息,0,否,是,,http://zrzy.jiangsu.gov.cn/nthm/gtzx/ghgs/jsxmphgb/202403/t20240320_1554252.htm
未披露,宝美钢管年产5万吨海工平台钻井钢管及石油天然气专用管新建项目,2024-02-18,待核验,unknown,待核验,建设单位缺失，无法判断所有制,0,否,是,,http://zrzy.jiangsu.gov.cn/nthm/gtzx/ghgs/jsxmphgb/202402/t20240218_1540300.htm
未披露,年产智能家用服务型机器人10万台、模块化部品40万套新建项目,2024-02-06,待核验,unknown,待核验,建设单位缺失，无法判断所有制,0,否,是,,http://zrzy.jiangsu.gov.cn/nthm/gtzx/ghgs/jsxmphgb/202402/t20240206_1538436.htm
未披露,缔绣家纺年产10万条高端品牌蚕丝被建设项目,2024-01-25,待核验,unknown,待核验,建设单位缺失，无法判断所有制,0,否,是,,http://zrzy.jiangsu.gov.cn/nthm/gtzx/ghgs/jsxmphgb/202401/t20240126_1533444.htm
